county,state,fips,cases,deaths
Autauga,Alabama,01001,6,0
Baldwin,Alabama,01003,15,0
Blount,Alabama,01009,5,0
Bullock,Alabama,01011,3,0
Butler,Alabama,01013,1,0
Calhoun,Alabama,01015,3,0
Chambers,Alabama,01017,27,1
Cherokee,Alabama,01019,2,0
Chilton,Alabama,01021,8,0
Choctaw,Alabama,01023,1,0
Clay,Alabama,01027,2,0
Cleburne,Alabama,01029,5,0
Colbert,Alabama,01033,2,0
Coosa,Alabama,01037,3,0
Covington,Alabama,01039,2,0
Crenshaw,Alabama,01041,1,0
Cullman,Alabama,01043,7,0
Dallas,Alabama,01047,2,0
DeKalb,Alabama,01049,4,0
Elmore,Alabama,01051,13,0
Escambia,Alabama,01053,1,0
Etowah,Alabama,01055,6,0
Franklin,Alabama,01059,3,0
Greene,Alabama,01063,3,0
Houston,Alabama,01069,8,0
Jackson,Alabama,01071,5,1
Jefferson,Alabama,01073,246,0
Lamar,Alabama,01075,1,0
Lauderdale,Alabama,01077,12,1
Lawrence,Alabama,01079,3,0
Lee,Alabama,01081,57,0
Limestone,Alabama,01083,16,0
Lowndes,Alabama,01085,1,0
Macon,Alabama,01087,1,0
Madison,Alabama,01089,80,1
Marengo,Alabama,01091,5,0
Marion,Alabama,01093,10,0
Marshall,Alabama,01095,5,0
Mobile,Alabama,01097,41,1
Monroe,Alabama,01099,1,0
Montgomery,Alabama,01101,22,0
Morgan,Alabama,01103,17,0
Pickens,Alabama,01107,2,0
Pike,Alabama,01109,4,0
Randolph,Alabama,01111,2,0
Russell,Alabama,01113,1,0
Shelby,Alabama,01117,79,0
St. Clair,Alabama,01115,13,0
Talladega,Alabama,01121,4,0
Tallapoosa,Alabama,01123,8,0
Tuscaloosa,Alabama,01125,23,0
Walker,Alabama,01127,30,0
Washington,Alabama,01129,4,0
Wilcox,Alabama,01131,2,0
Winston,Alabama,01133,2,0
Anchorage,Alaska,02020,59,2
Fairbanks North Star Borough,Alaska,02090,28,0
Juneau City and Borough,Alaska,02110,5,0
Kenai Peninsula Borough,Alaska,02122,7,0
Ketchikan Gateway Borough,Alaska,02130,13,0
Matanuska-Susitna Borough,Alaska,02170,2,0
Apache,Arizona,04001,13,0
Cochise,Arizona,04003,3,0
Coconino,Arizona,04005,68,2
Gila,Arizona,04007,1,0
Graham,Arizona,04009,2,0
La Paz,Arizona,04012,2,0
Maricopa,Arizona,04013,546,5
Mohave,Arizona,04015,6,0
Navajo,Arizona,04017,62,0
Pima,Arizona,04019,153,6
Pinal,Arizona,04021,51,0
Santa Cruz,Arizona,04023,2,0
Yavapai,Arizona,04025,12,0
Yuma,Arizona,04027,9,0
Arkansas,Arkansas,05001,1,0
Ashley,Arkansas,05003,1,0
Baxter,Arkansas,05005,1,0
Benton,Arkansas,05007,33,0
Boone,Arkansas,05009,1,0
Bradley,Arkansas,05011,4,0
Chicot,Arkansas,05017,2,0
Clark,Arkansas,05019,18,0
Cleburne,Arkansas,05023,56,2
Cleveland,Arkansas,05025,5,0
Columbia,Arkansas,05027,2,0
Conway,Arkansas,05029,2,1
Craighead,Arkansas,05031,6,0
Crawford,Arkansas,05033,2,0
Crittenden,Arkansas,05035,17,0
Cross,Arkansas,05037,2,0
Desha,Arkansas,05041,2,0
Drew,Arkansas,05043,2,0
Faulkner,Arkansas,05045,30,0
Garland,Arkansas,05051,26,0
Grant,Arkansas,05053,3,0
Greene,Arkansas,05055,3,0
Hempstead,Arkansas,05057,1,0
Hot Spring,Arkansas,05059,3,0
Howard,Arkansas,05061,3,0
Independence,Arkansas,05063,3,0
Jefferson,Arkansas,05069,26,0
Johnson,Arkansas,05071,1,0
Lawrence,Arkansas,05075,1,0
Lincoln,Arkansas,05079,6,0
Lonoke,Arkansas,05085,4,0
Nevada,Arkansas,05099,1,0
Perry,Arkansas,05105,1,0
Pike,Arkansas,05109,3,0
Poinsett,Arkansas,05111,3,0
Polk,Arkansas,05113,2,0
Pope,Arkansas,05115,4,0
Pulaski,Arkansas,05119,94,2
Randolph,Arkansas,05121,2,0
Saline,Arkansas,05125,6,0
Searcy,Arkansas,05129,4,0
Sebastian,Arkansas,05131,5,0
Sevier,Arkansas,05133,2,0
Stone,Arkansas,05137,4,0
Union,Arkansas,05139,6,0
Unknown,Arkansas,,61,3
Van Buren,Arkansas,05141,18,1
Washington,Arkansas,05143,15,0
White,Arkansas,05145,6,0
Woodruff,Arkansas,05147,1,0
Alameda,California,06001,291,6
Amador,California,06005,2,0
Butte,California,06007,5,0
Calaveras,California,06009,3,0
Colusa,California,06011,1,0
Contra Costa,California,06013,175,3
El Dorado,California,06017,12,0
Fresno,California,06019,43,0
Glenn,California,06021,1,0
Humboldt,California,06023,18,0
Imperial,California,06025,25,0
Inyo,California,06027,8,0
Kern,California,06029,51,1
Kings,California,06031,2,0
Los Angeles,California,06037,2136,37
Madera,California,06039,18,1
Marin,California,06041,93,1
Mendocino,California,06045,3,0
Merced,California,06047,8,0
Mono,California,06051,11,0
Monterey,California,06053,32,1
Napa,California,06055,11,0
Nevada,California,06057,12,0
Orange,California,06059,431,4
Placer,California,06061,53,2
Riverside,California,06065,195,8
Sacramento,California,06067,164,6
San Benito,California,06069,14,1
San Bernardino,California,06071,111,3
San Diego,California,06073,519,7
San Francisco,California,06075,343,5
San Joaquin,California,06077,121,5
San Luis Obispo,California,06079,71,0
San Mateo,California,06081,277,6
Santa Barbara,California,06083,68,0
Santa Clara,California,06085,646,26
Santa Cruz,California,06087,44,1
Shasta,California,06089,4,1
Siskiyou,California,06093,3,0
Solano,California,06095,39,0
Sonoma,California,06097,57,1
Stanislaus,California,06099,31,0
Sutter,California,06101,6,0
Tulare,California,06107,35,1
Tuolumne,California,06109,1,0
Unknown,California,,1,0
Ventura,California,06111,109,4
Yolo,California,06113,16,1
Yuba,California,06115,3,0
Adams,Colorado,08001,110,0
Alamosa,Colorado,08003,1,0
Arapahoe,Colorado,08005,241,3
Baca,Colorado,08009,1,0
Boulder,Colorado,08013,90,1
Broomfield,Colorado,08014,17,0
Chaffee,Colorado,08015,15,1
Clear Creek,Colorado,08019,3,0
Costilla,Colorado,08023,1,0
Crowley,Colorado,08025,1,1
Delta,Colorado,08029,1,0
Denver,Colorado,08031,408,5
Douglas,Colorado,08035,102,0
Eagle,Colorado,08037,187,2
El Paso,Colorado,08041,214,11
Elbert,Colorado,08039,3,0
Fremont,Colorado,08043,1,0
Garfield,Colorado,08045,25,0
Grand,Colorado,08049,2,0
Gunnison,Colorado,08051,79,1
Hinsdale,Colorado,08053,1,0
Huerfano,Colorado,08055,1,0
Jefferson,Colorado,08059,213,5
Kit Carson,Colorado,08063,1,0
La Plata,Colorado,08067,21,0
Larimer,Colorado,08069,84,3
Lincoln,Colorado,08073,1,0
Logan,Colorado,08075,5,0
Mesa,Colorado,08077,11,0
Mineral,Colorado,08079,1,0
Moffat,Colorado,08081,2,0
Montezuma,Colorado,08083,1,0
Montrose,Colorado,08085,8,0
Morgan,Colorado,08087,5,0
Otero,Colorado,08089,3,0
Park,Colorado,08093,3,0
Pitkin,Colorado,08097,27,2
Pueblo,Colorado,08101,18,1
Rio Grande,Colorado,08105,3,0
Routt,Colorado,08107,16,0
San Miguel,Colorado,08113,1,0
Summit,Colorado,08117,11,0
Teller,Colorado,08119,7,1
Unknown,Colorado,,186,0
Washington,Colorado,08121,1,0
Weld,Colorado,08123,180,9
Yuma,Colorado,08125,2,0
Fairfield,Connecticut,09001,1245,21
Hartford,Connecticut,09003,276,2
Litchfield,Connecticut,09005,87,0
Middlesex,Connecticut,09007,38,1
New Haven,Connecticut,09009,280,6
New London,Connecticut,09011,20,0
Tolland,Connecticut,09013,40,4
Windham,Connecticut,09015,7,0
Kent,Delaware,10001,25,2
New Castle,Delaware,10003,141,3
Sussex,Delaware,10005,66,1
District of Columbia,District of Columbia,11001,342,4
Alachua,Florida,12001,72,0
Baker,Florida,12003,8,0
Bay,Florida,12005,6,0
Bradford,Florida,12007,2,0
Brevard,Florida,12009,30,0
Broward,Florida,12011,1012,11
Charlotte,Florida,12015,16,0
Citrus,Florida,12017,16,1
Clay,Florida,12019,35,4
Collier,Florida,12021,111,1
Columbia,Florida,12023,3,0
DeSoto,Florida,12027,7,0
Duval,Florida,12031,142,3
Escambia,Florida,12033,37,0
Flagler,Florida,12035,13,0
Gadsden,Florida,12039,1,0
Glades,Florida,12043,1,0
Hendry,Florida,12051,2,0
Hernando,Florida,12053,20,0
Highlands,Florida,12055,12,1
Hillsborough,Florida,12057,225,2
Indian River,Florida,12061,20,0
Jackson,Florida,12063,2,0
Lake,Florida,12069,44,0
Lee,Florida,12071,151,6
Leon,Florida,12073,16,0
Levy,Florida,12075,2,0
Manatee,Florida,12081,38,1
Marion,Florida,12083,22,0
Martin,Florida,12085,27,0
Miami-Dade,Florida,12086,1471,3
Monroe,Florida,12087,23,0
Nassau,Florida,12089,8,0
Okaloosa,Florida,12091,31,0
Orange,Florida,12095,267,4
Osceola,Florida,12097,89,0
Palm Beach,Florida,12099,382,7
Pasco,Florida,12101,35,2
Pinellas,Florida,12103,116,5
Polk,Florida,12105,46,0
Putnam,Florida,12107,12,0
Santa Rosa,Florida,12113,21,2
Sarasota,Florida,12115,61,2
Seminole,Florida,12117,81,0
St. Johns,Florida,12109,59,2
St. Lucie,Florida,12111,24,2
Sumter,Florida,12119,45,0
Suwannee,Florida,12121,2,0
Unknown,Florida,,1,0
Volusia,Florida,12127,60,1
Wakulla,Florida,12129,1,0
Walton,Florida,12131,15,0
Washington,Florida,12133,1,0
Bacon,Georgia,13005,1,0
Baker,Georgia,13007,1,1
Baldwin,Georgia,13009,2,0
Barrow,Georgia,13013,6,1
Bartow,Georgia,13015,119,1
Ben Hill,Georgia,13017,2,0
Bibb,Georgia,13021,14,0
Brooks,Georgia,13027,1,0
Bryan,Georgia,13029,7,0
Bulloch,Georgia,13031,1,0
Burke,Georgia,13033,4,0
Butts,Georgia,13035,5,0
Calhoun,Georgia,13037,3,0
Camden,Georgia,13039,2,0
Candler,Georgia,13043,1,0
Carroll,Georgia,13045,70,0
Catoosa,Georgia,13047,3,0
Charlton,Georgia,13049,1,0
Chatham,Georgia,13051,16,0
Chattahoochee,Georgia,13053,1,0
Chattooga,Georgia,13055,1,0
Cherokee,Georgia,13057,60,1
Clarke,Georgia,13059,35,2
Clayton,Georgia,13063,59,1
Clinch,Georgia,13065,1,0
Cobb,Georgia,13067,228,9
Coffee,Georgia,13069,10,0
Colquitt,Georgia,13071,6,0
Columbia,Georgia,13073,12,0
Coweta,Georgia,13077,23,2
Crisp,Georgia,13081,6,0
Dawson,Georgia,13085,4,0
DeKalb,Georgia,13089,273,3
Decatur,Georgia,13087,4,0
Dodge,Georgia,13091,1,0
Dougherty,Georgia,13095,247,17
Douglas,Georgia,13097,38,1
Early,Georgia,13099,16,1
Effingham,Georgia,13103,4,0
Fannin,Georgia,13111,3,0
Fayette,Georgia,13113,27,3
Floyd,Georgia,13115,28,2
Forsyth,Georgia,13117,28,1
Franklin,Georgia,13119,2,0
Fulton,Georgia,13121,425,12
Glynn,Georgia,13127,8,0
Gordon,Georgia,13129,14,1
Greene,Georgia,13133,1,0
Gwinnett,Georgia,13135,145,1
Habersham,Georgia,13137,1,0
Hall,Georgia,13139,33,0
Haralson,Georgia,13143,2,0
Harris,Georgia,13145,3,0
Hart,Georgia,13147,1,0
Heard,Georgia,13149,1,1
Henry,Georgia,13151,56,2
Houston,Georgia,13153,15,1
Irwin,Georgia,13155,3,0
Jackson,Georgia,13157,2,0
Jasper,Georgia,13159,2,0
Jenkins,Georgia,13165,1,0
Jones,Georgia,13169,2,0
Lamar,Georgia,13171,3,0
Laurens,Georgia,13175,12,0
Lee,Georgia,13177,43,6
Liberty,Georgia,13179,3,0
Lincoln,Georgia,13181,3,0
Long,Georgia,13183,1,0
Lowndes,Georgia,13185,20,1
Lumpkin,Georgia,13187,4,0
Macon,Georgia,13193,1,0
Madison,Georgia,13195,3,0
McDuffie,Georgia,13189,1,0
Meriwether,Georgia,13199,5,0
Miller,Georgia,13201,4,0
Mitchell,Georgia,13205,15,0
Monroe,Georgia,13207,3,0
Morgan,Georgia,13211,1,0
Murray,Georgia,13213,3,0
Muscogee,Georgia,13215,9,0
Newton,Georgia,13217,18,0
Oconee,Georgia,13219,11,0
Paulding,Georgia,13223,23,0
Peach,Georgia,13225,6,1
Pickens,Georgia,13227,5,1
Pierce,Georgia,13229,2,0
Pike,Georgia,13231,2,0
Polk,Georgia,13233,10,0
Pulaski,Georgia,13235,3,0
Randolph,Georgia,13243,3,0
Richmond,Georgia,13245,12,0
Rockdale,Georgia,13247,18,1
Seminole,Georgia,13253,5,0
Spalding,Georgia,13255,12,0
Stephens,Georgia,13257,3,0
Sumter,Georgia,13261,15,1
Tattnall,Georgia,13267,2,0
Taylor,Georgia,13269,1,0
Terrell,Georgia,13273,10,2
Thomas,Georgia,13275,7,0
Tift,Georgia,13277,13,0
Toombs,Georgia,13279,2,0
Troup,Georgia,13285,10,1
Turner,Georgia,13287,2,0
Twiggs,Georgia,13289,2,0
Unknown,Georgia,,228,2
Upson,Georgia,13293,5,0
Walton,Georgia,13297,4,0
Ware,Georgia,13299,5,0
Washington,Georgia,13303,2,0
Wheeler,Georgia,13309,1,0
White,Georgia,13311,1,0
Whitfield,Georgia,13313,8,2
Wilkes,Georgia,13317,1,0
Worth,Georgia,13321,10,1
Unknown,Guam,,58,1
Hawaii,Hawaii,15001,12,0
Honolulu,Hawaii,15003,119,0
Kauai,Hawaii,15007,12,0
Maui,Hawaii,15009,20,0
Unknown,Hawaii,,10,0
Ada,Idaho,16001,113,2
Bannock,Idaho,16005,3,0
Bingham,Idaho,16011,1,0
Blaine,Idaho,16013,115,2
Bonneville,Idaho,16019,1,0
Canyon,Idaho,16027,40,1
Cassia,Idaho,16031,1,0
Custer,Idaho,16037,1,0
Fremont,Idaho,16043,1,0
Gem,Idaho,16045,3,0
Idaho,Idaho,16049,1,0
Jefferson,Idaho,16051,2,0
Kootenai,Idaho,16055,13,0
Lincoln,Idaho,16063,1,0
Madison,Idaho,16065,2,0
Nez Perce,Idaho,16069,4,1
Owyhee,Idaho,16073,1,0
Payette,Idaho,16075,1,0
Teton,Idaho,16081,2,0
Twin Falls,Idaho,16083,3,0
Valley,Idaho,16085,1,0
Adams,Illinois,17001,2,0
Bond,Illinois,17005,1,0
Bureau,Illinois,17011,1,0
Carroll,Illinois,17015,1,0
Champaign,Illinois,17019,21,0
Christian,Illinois,17021,19,0
Clinton,Illinois,17027,6,0
Cook,Illinois,17031,3445,40
Cumberland,Illinois,17035,1,0
DeKalb,Illinois,17037,8,0
Douglas,Illinois,17041,1,0
DuPage,Illinois,17043,274,7
Fayette,Illinois,17051,1,0
Franklin,Illinois,17055,2,0
Grundy,Illinois,17063,3,0
Henry,Illinois,17073,2,0
Iroquois,Illinois,17075,2,0
Jackson,Illinois,17077,3,0
Jo Daviess,Illinois,17085,1,0
Kane,Illinois,17089,100,7
Kankakee,Illinois,17091,38,0
Kendall,Illinois,17093,15,1
Knox,Illinois,17095,1,0
LaSalle,Illinois,17099,4,2
Lake,Illinois,17097,300,3
Livingston,Illinois,17105,2,0
Macon,Illinois,17115,2,0
Madison,Illinois,17119,12,0
Marshall,Illinois,17123,1,0
McHenry,Illinois,17111,52,2
McLean,Illinois,17113,14,1
Menard,Illinois,17129,1,0
Monroe,Illinois,17133,3,0
Montgomery,Illinois,17135,1,0
Morgan,Illinois,17137,3,0
Peoria,Illinois,17143,8,0
Rock Island,Illinois,17161,5,0
Sangamon,Illinois,17167,9,1
St. Clair,Illinois,17163,31,3
Stephenson,Illinois,17177,3,0
Tazewell,Illinois,17179,4,0
Unknown,Illinois,,58,0
Washington,Illinois,17189,1,0
Whiteside,Illinois,17195,3,0
Will,Illinois,17197,192,4
Williamson,Illinois,17199,1,0
Winnebago,Illinois,17201,12,0
Woodford,Illinois,17203,3,0
Adams,Indiana,18001,1,0
Allen,Indiana,18003,26,1
Bartholomew,Indiana,18005,10,0
Boone,Indiana,18011,13,0
Brown,Indiana,18013,3,0
Carroll,Indiana,18015,1,0
Clark,Indiana,18019,20,0
Clay,Indiana,18021,1,0
Clinton,Indiana,18023,1,0
Crawford,Indiana,18025,1,0
DeKalb,Indiana,18033,1,0
Dearborn,Indiana,18029,10,1
Decatur,Indiana,18031,40,0
Delaware,Indiana,18035,14,1
Dubois,Indiana,18037,2,0
Elkhart,Indiana,18039,12,0
Fayette,Indiana,18041,5,1
Floyd,Indiana,18043,14,0
Fountain,Indiana,18045,1,0
Franklin,Indiana,18047,26,3
Fulton,Indiana,18049,1,0
Gibson,Indiana,18051,4,0
Grant,Indiana,18053,7,0
Greene,Indiana,18055,1,0
Hamilton,Indiana,18057,83,0
Hancock,Indiana,18059,22,1
Harrison,Indiana,18061,14,0
Hendricks,Indiana,18063,48,1
Henry,Indiana,18065,2,0
Howard,Indiana,18067,12,1
Huntington,Indiana,18069,1,0
Jackson,Indiana,18071,7,0
Jasper,Indiana,18073,6,1
Jennings,Indiana,18079,13,0
Johnson,Indiana,18081,71,3
Knox,Indiana,18083,2,0
Kosciusko,Indiana,18085,3,0
LaGrange,Indiana,18087,2,0
LaPorte,Indiana,18091,6,0
Lake,Indiana,18089,85,1
Lawrence,Indiana,18093,8,0
Madison,Indiana,18095,18,1
Marion,Indiana,18097,676,10
Marshall,Indiana,18099,3,0
Miami,Indiana,18103,1,0
Monroe,Indiana,18105,22,0
Montgomery,Indiana,18107,5,0
Morgan,Indiana,18109,20,1
Newton,Indiana,18111,1,0
Noble,Indiana,18113,2,0
Ohio,Indiana,18115,1,0
Orange,Indiana,18117,1,0
Owen,Indiana,18119,9,0
Porter,Indiana,18127,14,0
Posey,Indiana,18129,3,0
Putnam,Indiana,18133,5,1
Randolph,Indiana,18135,1,0
Ripley,Indiana,18137,19,0
Rush,Indiana,18139,2,0
Scott,Indiana,18143,1,1
Shelby,Indiana,18145,12,0
St. Joseph,Indiana,18141,32,1
Starke,Indiana,18149,1,0
Steuben,Indiana,18151,1,0
Sullivan,Indiana,18153,1,0
Switzerland,Indiana,18155,3,0
Tippecanoe,Indiana,18157,11,1
Tipton,Indiana,18159,4,0
Vanderburgh,Indiana,18163,17,0
Vermillion,Indiana,18165,1,0
Vigo,Indiana,18167,7,1
Wabash,Indiana,18169,1,0
Warren,Indiana,18171,2,0
Warrick,Indiana,18173,8,0
Washington,Indiana,18175,5,0
Wayne,Indiana,18177,1,0
Wells,Indiana,18179,1,0
White,Indiana,18181,1,0
Whitley,Indiana,18183,1,0
Adair,Iowa,19001,1,0
Allamakee,Iowa,19005,7,1
Appanoose,Iowa,19007,1,0
Benton,Iowa,19011,4,0
Black Hawk,Iowa,19013,6,0
Boone,Iowa,19015,1,0
Buchanan,Iowa,19019,2,0
Butler,Iowa,19023,1,0
Carroll,Iowa,19027,1,0
Cedar,Iowa,19031,7,0
Cerro Gordo,Iowa,19033,6,0
Clayton,Iowa,19043,1,0
Clinton,Iowa,19045,1,0
Dallas,Iowa,19049,17,0
Des Moines,Iowa,19057,1,0
Dickinson,Iowa,19059,1,0
Dubuque,Iowa,19061,16,1
Fayette,Iowa,19065,2,0
Hancock,Iowa,19081,3,0
Hardin,Iowa,19083,1,0
Harrison,Iowa,19085,8,0
Henry,Iowa,19087,3,0
Iowa,Iowa,19095,2,0
Jasper,Iowa,19099,4,0
Johnson,Iowa,19103,65,0
Keokuk,Iowa,19107,1,0
Kossuth,Iowa,19109,1,0
Linn,Iowa,19113,42,1
Mahaska,Iowa,19123,2,0
Marshall,Iowa,19127,6,0
Monona,Iowa,19133,2,0
Montgomery,Iowa,19137,1,0
Muscatine,Iowa,19139,10,0
Page,Iowa,19145,2,0
Polk,Iowa,19153,50,0
Pottawattamie,Iowa,19155,3,0
Poweshiek,Iowa,19157,5,1
Scott,Iowa,19163,10,0
Shelby,Iowa,19165,1,0
Sioux,Iowa,19167,2,0
Story,Iowa,19169,2,0
Tama,Iowa,19171,9,0
Taylor,Iowa,19173,1,0
Wapello,Iowa,19179,1,0
Warren,Iowa,19181,1,0
Washington,Iowa,19183,13,0
Webster,Iowa,19187,1,0
Winneshiek,Iowa,19191,3,0
Woodbury,Iowa,19193,4,0
Wright,Iowa,19197,1,0
Bourbon,Kansas,20011,3,0
Butler,Kansas,20015,3,0
Cherokee,Kansas,20021,2,0
Clay,Kansas,20027,1,0
Coffey,Kansas,20031,8,0
Crawford,Kansas,20037,4,0
Doniphan,Kansas,20043,1,0
Douglas,Kansas,20045,23,0
Finney,Kansas,20055,1,0
Ford,Kansas,20057,1,0
Franklin,Kansas,20059,6,0
Gove,Kansas,20063,1,0
Harvey,Kansas,20079,1,0
Jackson,Kansas,20085,1,0
Jefferson,Kansas,20087,1,0
Johnson,Kansas,20091,108,2
Leavenworth,Kansas,20103,17,0
Linn,Kansas,20107,5,0
Lyon,Kansas,20111,7,0
McPherson,Kansas,20113,3,0
Miami,Kansas,20121,1,0
Mitchell,Kansas,20123,3,0
Montgomery,Kansas,20125,3,0
Morris,Kansas,20127,2,0
Neosho,Kansas,20133,1,0
Osage,Kansas,20139,1,0
Ottawa,Kansas,20143,1,0
Pottawatomie,Kansas,20149,1,0
Reno,Kansas,20155,7,0
Riley,Kansas,20161,2,0
Sedgwick,Kansas,20173,42,0
Shawnee,Kansas,20177,13,1
Stafford,Kansas,20185,1,0
Stevens,Kansas,20189,1,0
Sumner,Kansas,20191,1,0
Woodson,Kansas,20207,1,0
Wyandotte,Kansas,20209,55,4
Allen,Kentucky,21003,1,0
Anderson,Kentucky,21005,2,1
Boone,Kentucky,21015,4,0
Bourbon,Kentucky,21017,2,1
Boyd,Kentucky,21019,4,0
Boyle,Kentucky,21021,1,0
Bracken,Kentucky,21023,1,0
Breathitt,Kentucky,21025,2,0
Breckinridge,Kentucky,21027,2,0
Bullitt,Kentucky,21029,2,0
Butler,Kentucky,21031,1,0
Calloway,Kentucky,21035,3,0
Campbell,Kentucky,21037,4,0
Carroll,Kentucky,21041,1,0
Christian,Kentucky,21047,6,0
Clark,Kentucky,21049,6,0
Daviess,Kentucky,21059,20,0
Fayette,Kentucky,21067,75,1
Floyd,Kentucky,21071,1,0
Franklin,Kentucky,21073,3,0
Grant,Kentucky,21081,1,0
Grayson,Kentucky,21085,2,0
Hardin,Kentucky,21093,5,0
Harrison,Kentucky,21097,11,0
Henderson,Kentucky,21101,5,0
Hopkins,Kentucky,21107,7,1
Jefferson,Kentucky,21111,108,4
Jessamine,Kentucky,21113,10,0
Kenton,Kentucky,21117,19,1
Larue,Kentucky,21123,1,0
Laurel,Kentucky,21125,1,0
Lewis,Kentucky,21135,1,0
Logan,Kentucky,21141,2,0
Lyon,Kentucky,21143,1,0
Madison,Kentucky,21151,7,0
Martin,Kentucky,21159,1,0
Mason,Kentucky,21161,1,0
McCracken,Kentucky,21145,5,0
McCreary,Kentucky,21147,1,0
Menifee,Kentucky,21165,2,0
Mercer,Kentucky,21167,2,0
Montgomery,Kentucky,21173,2,0
Muhlenberg,Kentucky,21177,2,0
Nelson,Kentucky,21179,3,0
Nicholas,Kentucky,21181,1,0
Oldham,Kentucky,21185,3,0
Pulaski,Kentucky,21199,7,0
Scott,Kentucky,21209,6,0
Shelby,Kentucky,21211,1,0
Simpson,Kentucky,21213,2,0
Spencer,Kentucky,21215,1,0
Taylor,Kentucky,21217,2,0
Union,Kentucky,21225,1,0
Unknown,Kentucky,,61,0
Warren,Kentucky,21227,10,0
Washington,Kentucky,21229,2,0
Wayne,Kentucky,21231,1,0
Webster,Kentucky,21233,1,0
Woodford,Kentucky,21239,3,0
Acadia,Louisiana,22001,9,1
Allen,Louisiana,22003,9,1
Ascension,Louisiana,22005,139,2
Assumption,Louisiana,22007,14,0
Avoyelles,Louisiana,22009,13,0
Beauregard,Louisiana,22011,4,0
Bienville,Louisiana,22013,3,1
Bossier,Louisiana,22015,56,0
Caddo,Louisiana,22017,219,5
Calcasieu,Louisiana,22019,35,1
Caldwell,Louisiana,22021,1,0
Catahoula,Louisiana,22025,1,1
Claiborne,Louisiana,22027,4,0
De Soto,Louisiana,22031,25,1
East Baton Rouge,Louisiana,22033,164,7
East Carroll,Louisiana,22035,1,0
East Feliciana,Louisiana,22037,8,0
Evangeline,Louisiana,22039,4,0
Franklin,Louisiana,22041,4,0
Grant,Louisiana,22043,2,0
Iberia,Louisiana,22045,11,0
Iberville,Louisiana,22047,22,1
Jackson,Louisiana,22049,2,0
Jefferson,Louisiana,22051,761,28
Jefferson Davis,Louisiana,22053,2,0
LaSalle,Louisiana,22059,2,0
Lafayette,Louisiana,22055,50,1
Lafourche,Louisiana,22057,36,2
Lincoln,Louisiana,22061,7,0
Livingston,Louisiana,22063,15,0
Madison,Louisiana,22065,1,0
Morehouse,Louisiana,22067,2,0
Natchitoches,Louisiana,22069,2,0
Orleans,Louisiana,22071,1350,73
Ouachita,Louisiana,22073,41,1
Plaquemines,Louisiana,22075,20,2
Pointe Coupee,Louisiana,22077,2,0
Rapides,Louisiana,22079,41,1
Red River,Louisiana,22081,1,0
Richland,Louisiana,22083,2,0
Sabine,Louisiana,22085,1,0
St. Bernard,Louisiana,22087,45,2
St. Charles,Louisiana,22089,31,2
St. James,Louisiana,22093,55,3
St. John the Baptist,Louisiana,22095,57,5
St. Landry,Louisiana,22097,10,0
St. Martin,Louisiana,22099,13,3
St. Mary,Louisiana,22101,7,0
St. Tammany,Louisiana,22103,138,3
Tangipahoa,Louisiana,22105,10,0
Terrebonne,Louisiana,22109,29,1
Union,Louisiana,22111,9,0
Unknown,Louisiana,,12,1
Vermilion,Louisiana,22113,2,1
Vernon,Louisiana,22115,2,0
Washington,Louisiana,22117,12,1
Webster,Louisiana,22119,9,1
West Baton Rouge,Louisiana,22121,12,1
West Feliciana,Louisiana,22125,4,0
Winn,Louisiana,22127,1,0
Androscoggin,Maine,23001,8,0
Cumberland,Maine,23005,142,2
Franklin,Maine,23007,2,0
Kennebec,Maine,23011,10,0
Knox,Maine,23013,4,0
Lincoln,Maine,23015,5,0
Oxford,Maine,23017,9,0
Penobscot,Maine,23019,11,0
Sagadahoc,Maine,23023,7,0
Somerset,Maine,23025,1,0
Unknown,Maine,,5,1
Waldo,Maine,23027,2,0
York,Maine,23031,47,0
Anne Arundel,Maryland,24003,99,1
Baltimore,Maryland,24005,162,1
Baltimore city,Maryland,24510,129,2
Calvert,Maryland,24009,14,0
Caroline,Maryland,24011,3,0
Carroll,Maryland,24013,83,1
Cecil,Maryland,24015,13,0
Charles,Maryland,24017,28,1
Frederick,Maryland,24021,24,0
Garrett,Maryland,24023,3,0
Harford,Maryland,24025,23,0
Howard,Maryland,24027,81,0
Kent,Maryland,24029,3,0
Montgomery,Maryland,24031,301,1
Prince George's,Maryland,24033,247,3
Queen Anne's,Maryland,24035,4,0
Somerset,Maryland,24039,1,0
St. Mary's,Maryland,24037,9,0
Talbot,Maryland,24041,3,0
Washington,Maryland,24043,6,0
Wicomico,Maryland,24045,6,1
Worcester,Maryland,24047,2,0
Barnstable,Massachusetts,25001,148,2
Berkshire,Massachusetts,25003,151,5
Bristol,Massachusetts,25005,208,1
Dukes,Massachusetts,25007,1,0
Essex,Massachusetts,25009,570,4
Franklin,Massachusetts,25011,41,2
Hampden,Massachusetts,25013,201,5
Hampshire,Massachusetts,25015,37,0
Middlesex,Massachusetts,25017,981,7
Nantucket,Massachusetts,25019,5,0
Norfolk,Massachusetts,25021,548,9
Plymouth,Massachusetts,25023,325,0
Suffolk,Massachusetts,25025,940,4
Unknown,Massachusetts,,462,4
Worcester,Massachusetts,25027,337,5
Allegan,Michigan,26005,2,0
Barry,Michigan,26015,1,0
Bay,Michigan,26017,5,0
Berrien,Michigan,26021,29,0
Calhoun,Michigan,26025,15,0
Cass,Michigan,26027,4,0
Charlevoix,Michigan,26029,4,0
Cheboygan,Michigan,26031,1,0
Chippewa,Michigan,26033,1,0
Clare,Michigan,26035,1,0
Clinton,Michigan,26037,14,0
Crawford,Michigan,26039,1,0
Eaton,Michigan,26045,8,0
Emmet,Michigan,26047,4,0
Genesee,Michigan,26049,127,5
Gladwin,Michigan,26051,3,0
Gogebic,Michigan,26053,1,1
Grand Traverse,Michigan,26055,6,0
Gratiot,Michigan,26057,3,0
Hillsdale,Michigan,26059,10,1
Huron,Michigan,26063,3,0
Ingham,Michigan,26065,43,0
Ionia,Michigan,26067,2,0
Iosco,Michigan,26069,1,0
Isabella,Michigan,26073,4,1
Jackson,Michigan,26075,28,1
Kalamazoo,Michigan,26077,19,0
Kalkaska,Michigan,26079,4,0
Kent,Michigan,26081,72,1
Lapeer,Michigan,26087,4,0
Leelanau,Michigan,26089,1,0
Lenawee,Michigan,26091,15,0
Livingston,Michigan,26093,59,2
Macomb,Michigan,26099,620,20
Manistee,Michigan,26101,1,0
Marquette,Michigan,26103,2,0
Mecosta,Michigan,26107,1,1
Midland,Michigan,26111,8,0
Missaukee,Michigan,26113,1,1
Monroe,Michigan,26115,38,0
Montcalm,Michigan,26117,3,0
Muskegon,Michigan,26121,13,2
Newaygo,Michigan,26123,1,0
Oakland,Michigan,26125,1170,34
Oceana,Michigan,26127,2,0
Ogemaw,Michigan,26129,1,0
Osceola,Michigan,26133,2,0
Otsego,Michigan,26137,17,0
Ottawa,Michigan,26139,25,0
Roscommon,Michigan,26143,1,0
Saginaw,Michigan,26145,24,0
Sanilac,Michigan,26151,2,0
Shiawassee,Michigan,26155,5,0
St. Clair,Michigan,26147,20,0
Tuscola,Michigan,26157,4,1
Unknown,Michigan,,77,0
Van Buren,Michigan,26159,4,0
Washtenaw,Michigan,26161,231,5
Wayne,Michigan,26163,2704,56
Wexford,Michigan,26165,1,0
Anoka,Minnesota,27003,17,0
Beltrami,Minnesota,27007,2,0
Benton,Minnesota,27009,1,0
Big Stone,Minnesota,27011,1,0
Blue Earth,Minnesota,27013,8,0
Carver,Minnesota,27019,9,0
Cass,Minnesota,27021,1,0
Chisago,Minnesota,27025,2,0
Clay,Minnesota,27027,4,0
Clearwater,Minnesota,27029,1,0
Cottonwood,Minnesota,27033,1,0
Dakota,Minnesota,27037,39,0
Dodge,Minnesota,27039,7,0
Douglas,Minnesota,27041,1,0
Faribault,Minnesota,27043,1,0
Fillmore,Minnesota,27045,6,0
Goodhue,Minnesota,27049,2,0
Hennepin,Minnesota,27053,171,5
Isanti,Minnesota,27059,1,0
Jackson,Minnesota,27063,1,0
Kandiyohi,Minnesota,27067,1,0
Lac qui Parle,Minnesota,27073,1,0
Le Sueur,Minnesota,27079,11,0
Lincoln,Minnesota,27081,1,0
Mahnomen,Minnesota,27087,1,0
Martin,Minnesota,27091,21,2
Mower,Minnesota,27099,11,0
Nicollet,Minnesota,27103,3,0
Olmsted,Minnesota,27109,47,0
Otter Tail,Minnesota,27111,1,0
Ramsey,Minnesota,27123,46,2
Renville,Minnesota,27129,1,0
Rice,Minnesota,27131,3,0
Scott,Minnesota,27139,9,0
Sherburne,Minnesota,27141,5,0
Sibley,Minnesota,27143,1,0
St. Louis,Minnesota,27137,10,0
Stearns,Minnesota,27145,5,0
Steele,Minnesota,27147,5,0
Unknown,Minnesota,,1,0
Wabasha,Minnesota,27157,4,0
Waseca,Minnesota,27161,3,0
Washington,Minnesota,27163,27,0
Wilkin,Minnesota,27167,1,0
Winona,Minnesota,27169,4,0
Wright,Minnesota,27171,6,0
Adams,Mississippi,28001,7,0
Amite,Mississippi,28005,4,0
Attala,Mississippi,28007,9,0
Benton,Mississippi,28009,4,0
Bolivar,Mississippi,28011,11,0
Calhoun,Mississippi,28013,3,0
Carroll,Mississippi,28015,1,0
Chickasaw,Mississippi,28017,10,0
Choctaw,Mississippi,28019,5,0
Claiborne,Mississippi,28021,1,0
Clarke,Mississippi,28023,1,0
Clay,Mississippi,28025,2,0
Coahoma,Mississippi,28027,18,0
Copiah,Mississippi,28029,8,0
Covington,Mississippi,28031,1,0
DeSoto,Mississippi,28033,71,1
Forrest,Mississippi,28035,19,0
Franklin,Mississippi,28037,3,0
George,Mississippi,28039,3,0
Grenada,Mississippi,28043,3,0
Hancock,Mississippi,28045,15,1
Harrison,Mississippi,28047,43,1
Hinds,Mississippi,28049,66,0
Holmes,Mississippi,28051,13,1
Humphreys,Mississippi,28053,2,0
Itawamba,Mississippi,28057,3,0
Jackson,Mississippi,28059,34,0
Jefferson,Mississippi,28063,1,0
Jones,Mississippi,28067,5,0
Kemper,Mississippi,28069,1,0
Lafayette,Mississippi,28071,13,0
Lamar,Mississippi,28073,4,0
Lauderdale,Mississippi,28075,15,0
Lawrence,Mississippi,28077,5,0
Leake,Mississippi,28079,5,0
Lee,Mississippi,28081,21,1
Leflore,Mississippi,28083,15,0
Lincoln,Mississippi,28085,9,0
Lowndes,Mississippi,28087,10,0
Madison,Mississippi,28089,37,0
Marion,Mississippi,28091,4,0
Marshall,Mississippi,28093,13,0
Monroe,Mississippi,28095,5,0
Montgomery,Mississippi,28097,6,0
Neshoba,Mississippi,28099,4,0
Newton,Mississippi,28101,1,0
Noxubee,Mississippi,28103,2,0
Oktibbeha,Mississippi,28105,15,0
Panola,Mississippi,28107,5,0
Pearl River,Mississippi,28109,27,0
Perry,Mississippi,28111,2,1
Pike,Mississippi,28113,14,0
Pontotoc,Mississippi,28115,4,0
Prentiss,Mississippi,28117,4,0
Quitman,Mississippi,28119,4,0
Rankin,Mississippi,28121,35,1
Scott,Mississippi,28123,7,0
Sharkey,Mississippi,28125,1,0
Simpson,Mississippi,28127,2,0
Smith,Mississippi,28129,1,0
Sunflower,Mississippi,28133,10,1
Tallahatchie,Mississippi,28135,2,0
Tate,Mississippi,28137,9,0
Tippah,Mississippi,28139,23,2
Tunica,Mississippi,28143,6,1
Union,Mississippi,28145,3,0
Walthall,Mississippi,28147,5,0
Warren,Mississippi,28149,1,0
Washington,Mississippi,28151,16,0
Webster,Mississippi,28155,3,1
Wilkinson,Mississippi,28157,12,2
Winston,Mississippi,28159,4,0
Yalobusha,Mississippi,28161,3,0
Yazoo,Mississippi,28163,5,0
Adair,Missouri,29001,2,0
Atchison,Missouri,29005,1,0
Barry,Missouri,29009,1,0
Bates,Missouri,29013,2,0
Benton,Missouri,29015,1,0
Bollinger,Missouri,29017,1,0
Boone,Missouri,29019,50,1
Buchanan,Missouri,29021,3,0
Callaway,Missouri,29027,8,0
Camden,Missouri,29029,7,1
Cape Girardeau,Missouri,29031,6,0
Carter,Missouri,29035,2,0
Cass,Missouri,29037,8,0
Chariton,Missouri,29041,1,0
Christian,Missouri,29043,7,0
Clay,Missouri,29047,11,0
Clinton,Missouri,29049,1,0
Cole,Missouri,29051,17,0
Cooper,Missouri,29053,1,0
Dunklin,Missouri,29069,3,0
Franklin,Missouri,29071,7,0
Greene,Missouri,29077,41,3
Henry,Missouri,29083,1,1
Jackson,Missouri,29095,48,1
Jasper,Missouri,29097,2,0
Jefferson,Missouri,29099,17,0
Johnson,Missouri,29101,9,0
Kansas City,Missouri,,102,0
Lafayette,Missouri,29107,4,0
Lincoln,Missouri,29113,2,0
McDonald,Missouri,29119,1,0
Moniteau,Missouri,29135,4,0
Montgomery,Missouri,29139,3,0
Newton,Missouri,29145,4,0
Pemiscot,Missouri,29155,1,0
Perry,Missouri,29157,7,0
Pettis,Missouri,29159,1,0
Platte,Missouri,29165,6,0
Pulaski,Missouri,29169,5,0
Ralls,Missouri,29173,1,0
Randolph,Missouri,29175,1,0
Ray,Missouri,29177,1,0
Ripley,Missouri,29181,2,0
Scott,Missouri,29201,3,0
Shelby,Missouri,29205,1,0
St. Charles,Missouri,29183,43,2
St. Francois,Missouri,29187,4,0
St. Louis,Missouri,29189,336,2
St. Louis city,Missouri,29510,97,1
Stoddard,Missouri,29207,2,0
Taney,Missouri,29213,2,0
Texas,Missouri,29215,1,0
Unknown,Missouri,,8,0
Warren,Missouri,29219,2,0
Wright,Missouri,29229,3,0
Broadwater,Montana,30007,3,0
Cascade,Montana,30013,7,0
Deer Lodge,Montana,30023,1,0
Flathead,Montana,30029,8,0
Gallatin,Montana,30031,62,0
Hill,Montana,30041,1,0
Jefferson,Montana,30043,2,0
Lake,Montana,30047,3,0
Lewis and Clark,Montana,30049,10,0
Lincoln,Montana,30053,4,1
Madison,Montana,30057,4,0
Meagher,Montana,30059,1,0
Missoula,Montana,30063,11,0
Park,Montana,30067,2,0
Ravalli,Montana,30081,1,0
Roosevelt,Montana,30085,1,0
Silver Bow,Montana,30093,9,0
Toole,Montana,30101,5,0
Yellowstone,Montana,30111,26,0
Adams,Nebraska,31001,2,0
Buffalo,Nebraska,31019,5,0
Cass,Nebraska,31025,2,0
Dawson,Nebraska,31047,1,0
Dodge,Nebraska,31053,3,0
Douglas,Nebraska,31055,79,1
Gosper,Nebraska,31073,1,0
Hall,Nebraska,31079,6,1
Hamilton,Nebraska,31081,1,0
Kearney,Nebraska,31099,1,0
Knox,Nebraska,31107,2,0
Lancaster,Nebraska,31109,6,0
Lincoln,Nebraska,31111,3,0
Madison,Nebraska,31119,2,0
Nemaha,Nebraska,31127,1,0
Platte,Nebraska,31141,1,0
Sarpy,Nebraska,31153,11,0
Saunders,Nebraska,31155,2,0
Scotts Bluff,Nebraska,31157,1,0
Unknown,Nebraska,,2,0
Washington,Nebraska,31177,9,0
Carson City,Nevada,32510,5,0
Clark,Nevada,32003,528,14
Douglas,Nevada,32005,5,0
Elko,Nevada,32007,3,0
Humboldt,Nevada,32013,1,0
Lyon,Nevada,32019,1,0
Nye,Nevada,32023,1,0
Unknown,Nevada,,269,0
Washoe,Nevada,32031,107,1
Belknap,New Hampshire,33001,9,0
Carroll,New Hampshire,33003,10,0
Cheshire,New Hampshire,33005,3,0
Grafton,New Hampshire,33009,30,0
Hillsborough,New Hampshire,33011,68,2
Merrimack,New Hampshire,33013,18,0
Rockingham,New Hampshire,33015,100,1
Strafford,New Hampshire,33017,17,0
Sullivan,New Hampshire,33019,3,0
Atlantic,New Jersey,34001,24,0
Bergen,New Jersey,34003,2169,35
Burlington,New Jersey,34005,142,3
Camden,New Jersey,34007,163,1
Cape May,New Jersey,34009,9,0
Cumberland,New Jersey,34011,11,1
Essex,New Jersey,34013,1227,20
Gloucester,New Jersey,34015,72,1
Hudson,New Jersey,34017,974,6
Hunterdon,New Jersey,34019,66,0
Mercer,New Jersey,34021,202,0
Middlesex,New Jersey,34023,938,14
Monmouth,New Jersey,34025,870,10
Morris,New Jersey,34027,566,12
Ocean,New Jersey,34029,759,9
Passaic,New Jersey,34031,831,7
Salem,New Jersey,34033,3,0
Somerset,New Jersey,34035,295,8
Sussex,New Jersey,34037,93,1
Union,New Jersey,34039,896,10
Unknown,New Jersey,,3020,21
Warren,New Jersey,34041,56,2
Bernalillo,New Mexico,35001,101,1
Chaves,New Mexico,35005,8,0
Cibola,New Mexico,35006,2,0
Curry,New Mexico,35009,3,0
Doña Ana,New Mexico,35013,17,0
Eddy,New Mexico,35015,4,1
Lea,New Mexico,35025,2,0
McKinley,New Mexico,35031,9,0
Rio Arriba,New Mexico,35039,2,0
Roosevelt,New Mexico,35041,1,0
San Juan,New Mexico,35045,22,0
San Miguel,New Mexico,35047,1,0
Sandoval,New Mexico,35043,18,0
Santa Fe,New Mexico,35049,34,0
Socorro,New Mexico,35053,2,0
Taos,New Mexico,35055,9,0
Valencia,New Mexico,35061,2,0
Albany,New York,36001,205,1
Allegany,New York,36003,6,0
Broome,New York,36007,29,3
Cattaraugus,New York,36009,4,0
Cayuga,New York,36011,2,0
Chautauqua,New York,36013,5,0
Chemung,New York,36015,15,0
Chenango,New York,36017,15,0
Clinton,New York,36019,13,0
Columbia,New York,36021,23,1
Cortland,New York,36023,6,0
Delaware,New York,36025,8,0
Dutchess,New York,36027,320,2
Erie,New York,36029,380,6
Essex,New York,36031,4,0
Franklin,New York,36033,6,0
Fulton,New York,36035,1,0
Genesee,New York,36037,9,0
Greene,New York,36039,7,0
Hamilton,New York,36041,2,0
Herkimer,New York,36043,10,0
Jefferson,New York,36045,7,0
Lewis,New York,36049,2,0
Livingston,New York,36051,10,0
Madison,New York,36053,24,0
Monroe,New York,36055,219,6
Montgomery,New York,36057,6,0
Nassau,New York,36059,6445,39
New York City,New York,,33768,776
Niagara,New York,36063,38,0
Oneida,New York,36065,26,0
Onondaga,New York,36067,152,0
Ontario,New York,36069,18,0
Orange,New York,36071,1247,3
Orleans,New York,36073,3,0
Oswego,New York,36075,8,0
Otsego,New York,36077,10,0
Putnam,New York,36079,144,0
Rensselaer,New York,36083,39,0
Rockland,New York,36087,2209,8
Saratoga,New York,36091,102,1
Schenectady,New York,36093,76,0
Schoharie,New York,36095,5,0
Schuyler,New York,36097,1,0
St. Lawrence,New York,36089,12,0
Steuben,New York,36101,17,0
Suffolk,New York,36103,5023,40
Sullivan,New York,36105,88,0
Tioga,New York,36107,4,0
Tompkins,New York,36109,52,0
Ulster,New York,36111,179,1
Warren,New York,36113,18,0
Washington,New York,36115,7,0
Wayne,New York,36117,12,0
Westchester,New York,36119,8519,10
Wyoming,New York,36121,8,0
Alamance,North Carolina,37001,6,0
Alleghany,North Carolina,37005,1,0
Beaufort,North Carolina,37013,3,0
Bertie,North Carolina,37015,3,0
Bladen,North Carolina,37017,1,0
Brunswick,North Carolina,37019,12,0
Buncombe,North Carolina,37021,19,1
Burke,North Carolina,37023,4,0
Cabarrus,North Carolina,37025,29,1
Caldwell,North Carolina,37027,3,0
Carteret,North Carolina,37031,8,0
Caswell,North Carolina,37033,1,0
Catawba,North Carolina,37035,14,0
Chatham,North Carolina,37037,13,0
Cherokee,North Carolina,37039,6,0
Cleveland,North Carolina,37045,5,0
Columbus,North Carolina,37047,1,0
Craven,North Carolina,37049,5,0
Cumberland,North Carolina,37051,13,0
Currituck,North Carolina,37053,1,0
Davidson,North Carolina,37057,16,0
Davie,North Carolina,37059,6,0
Duplin,North Carolina,37061,1,0
Durham,North Carolina,37063,105,0
Edgecombe,North Carolina,37065,1,0
Forsyth,North Carolina,37067,35,0
Franklin,North Carolina,37069,5,0
Gaston,North Carolina,37071,21,0
Granville,North Carolina,37077,6,0
Greene,North Carolina,37079,3,0
Guilford,North Carolina,37081,39,0
Halifax,North Carolina,37083,2,0
Harnett,North Carolina,37085,14,1
Henderson,North Carolina,37089,13,0
Hertford,North Carolina,37091,2,0
Hoke,North Carolina,37093,3,0
Iredell,North Carolina,37097,21,0
Jackson,North Carolina,37099,1,0
Johnston,North Carolina,37101,10,1
Lee,North Carolina,37105,2,0
Lenoir,North Carolina,37107,3,0
Lincoln,North Carolina,37109,3,0
McDowell,North Carolina,37111,4,0
Mecklenburg,North Carolina,37119,336,1
Montgomery,North Carolina,37123,3,0
Moore,North Carolina,37125,6,0
Nash,North Carolina,37127,3,0
New Hanover,North Carolina,37129,22,0
Northampton,North Carolina,37131,25,0
Onslow,North Carolina,37133,4,0
Orange,North Carolina,37135,29,0
Pamlico,North Carolina,37137,1,0
Pasquotank,North Carolina,37139,2,0
Perquimans,North Carolina,37143,1,0
Person,North Carolina,37145,1,0
Pitt,North Carolina,37147,15,0
Polk,North Carolina,37149,2,0
Randolph,North Carolina,37151,15,0
Richmond,North Carolina,37153,1,0
Robeson,North Carolina,37155,2,0
Rowan,North Carolina,37159,17,1
Sampson,North Carolina,37163,1,0
Scotland,North Carolina,37165,2,0
Stanly,North Carolina,37167,5,0
Surry,North Carolina,37171,2,0
Transylvania,North Carolina,37175,3,0
Union,North Carolina,37179,38,0
Vance,North Carolina,37181,3,0
Wake,North Carolina,37183,146,0
Washington,North Carolina,37187,1,0
Watauga,North Carolina,37189,5,0
Wayne,North Carolina,37191,3,0
Wilson,North Carolina,37195,10,0
Yadkin,North Carolina,37197,1,0
Barnes,North Dakota,38003,2,0
Burleigh,North Dakota,38015,28,0
Cass,North Dakota,38017,20,1
Divide,North Dakota,38023,1,0
Dunn,North Dakota,38025,1,0
Foster,North Dakota,38031,1,0
McHenry,North Dakota,38049,1,0
McIntosh,North Dakota,38051,1,0
McLean,North Dakota,38055,2,0
Mercer,North Dakota,38057,1,0
Morton,North Dakota,38059,14,0
Mountrail,North Dakota,38061,2,0
Pierce,North Dakota,38069,2,0
Ramsey,North Dakota,38071,3,0
Sioux,North Dakota,38085,1,0
Stark,North Dakota,38089,10,0
Walsh,North Dakota,38099,1,0
Ward,North Dakota,38101,7,0
Unknown,Northern Mariana Islands,,2,0
Allen,Ohio,39003,4,0
Ashland,Ohio,39005,2,0
Ashtabula,Ohio,39007,6,0
Athens,Ohio,39009,3,0
Auglaize,Ohio,39011,2,0
Belmont,Ohio,39013,8,0
Butler,Ohio,39017,27,0
Carroll,Ohio,39019,4,0
Champaign,Ohio,39021,2,0
Clark,Ohio,39023,7,0
Clermont,Ohio,39025,8,0
Clinton,Ohio,39027,3,0
Columbiana,Ohio,39029,11,1
Coshocton,Ohio,39031,4,0
Crawford,Ohio,39033,2,0
Cuyahoga,Ohio,39035,449,4
Darke,Ohio,39037,3,0
Defiance,Ohio,39039,5,0
Delaware,Ohio,39041,31,0
Erie,Ohio,39043,5,1
Fairfield,Ohio,39045,14,0
Fayette,Ohio,39047,1,0
Franklin,Ohio,39049,247,2
Fulton,Ohio,39051,2,0
Gallia,Ohio,39053,1,1
Geauga,Ohio,39055,17,0
Greene,Ohio,39057,3,0
Hamilton,Ohio,39061,85,0
Hancock,Ohio,39063,3,0
Highland,Ohio,39071,1,0
Huron,Ohio,39077,3,0
Jefferson,Ohio,39081,5,0
Knox,Ohio,39083,3,0
Lake,Ohio,39085,35,1
Lawrence,Ohio,39087,1,0
Licking,Ohio,39089,17,0
Logan,Ohio,39091,3,0
Lorain,Ohio,39093,74,1
Lucas,Ohio,39095,94,2
Madison,Ohio,39097,4,0
Mahoning,Ohio,39099,84,2
Marion,Ohio,39101,6,0
Medina,Ohio,39103,45,1
Mercer,Ohio,39107,2,0
Miami,Ohio,39109,43,5
Montgomery,Ohio,39113,25,0
Muskingum,Ohio,39119,2,0
Ottawa,Ohio,39123,1,0
Pickaway,Ohio,39129,4,0
Pike,Ohio,39131,1,0
Portage,Ohio,39133,27,0
Richland,Ohio,39139,5,0
Sandusky,Ohio,39143,3,0
Seneca,Ohio,39147,2,0
Shelby,Ohio,39149,3,0
Stark,Ohio,39151,29,2
Summit,Ohio,39153,99,5
Trumbull,Ohio,39155,36,2
Tuscarawas,Ohio,39157,5,0
Union,Ohio,39159,3,0
Van Wert,Ohio,39161,1,0
Warren,Ohio,39165,20,0
Washington,Ohio,39167,3,0
Wayne,Ohio,39169,4,0
Wood,Ohio,39173,12,0
Wyandot,Ohio,39175,1,0
Adair,Oklahoma,40001,4,0
Bryan,Oklahoma,40013,1,0
Caddo,Oklahoma,40015,1,0
Canadian,Oklahoma,40017,12,0
Carter,Oklahoma,40019,1,0
Cherokee,Oklahoma,40021,1,0
Choctaw,Oklahoma,40023,1,0
Cleveland,Oklahoma,40027,51,5
Comanche,Oklahoma,40031,11,0
Craig,Oklahoma,40035,1,0
Creek,Oklahoma,40037,16,1
Custer,Oklahoma,40039,4,0
Delaware,Oklahoma,40041,4,0
Garfield,Oklahoma,40047,2,0
Garvin,Oklahoma,40049,4,0
Grady,Oklahoma,40051,2,0
Jackson,Oklahoma,40065,1,0
Kay,Oklahoma,40071,20,0
Latimer,Oklahoma,40077,1,0
Le Flore,Oklahoma,40079,1,0
Lincoln,Oklahoma,40081,3,0
Logan,Oklahoma,40083,3,0
Mayes,Oklahoma,40097,3,0
McClain,Oklahoma,40087,2,0
Muskogee,Oklahoma,40101,7,0
Noble,Oklahoma,40103,3,0
Nowata,Oklahoma,40105,3,0
Oklahoma,Oklahoma,40109,120,4
Okmulgee,Oklahoma,40111,3,0
Osage,Oklahoma,40113,10,0
Ottawa,Oklahoma,40115,4,0
Pawnee,Oklahoma,40117,15,1
Payne,Oklahoma,40119,13,0
Pittsburg,Oklahoma,40121,2,0
Pontotoc,Oklahoma,40123,3,0
Pottawatomie,Oklahoma,40125,2,0
Rogers,Oklahoma,40131,1,0
Seminole,Oklahoma,40133,1,0
Sequoyah,Oklahoma,40135,2,1
Stephens,Oklahoma,40137,2,0
Texas,Oklahoma,40139,1,0
Tulsa,Oklahoma,40143,61,3
Wagoner,Oklahoma,40145,8,1
Washington,Oklahoma,40147,18,0
Benton,Oregon,41003,9,0
Clackamas,Oregon,41005,39,2
Clatsop,Oregon,41007,3,0
Columbia,Oregon,41009,1,0
Deschutes,Oregon,41017,23,0
Douglas,Oregon,41019,4,0
Grant,Oregon,41023,1,0
Hood River,Oregon,41027,2,0
Jackson,Oregon,41029,19,0
Josephine,Oregon,41033,6,0
Klamath,Oregon,41035,4,0
Lane,Oregon,41039,10,1
Lincoln,Oregon,41041,1,0
Linn,Oregon,41043,36,1
Marion,Oregon,41047,109,3
Morrow,Oregon,41049,1,0
Multnomah,Oregon,41051,91,2
Polk,Oregon,41053,13,0
Tillamook,Oregon,41057,2,0
Umatilla,Oregon,41059,4,0
Union,Oregon,41061,1,0
Wasco,Oregon,41065,3,0
Washington,Oregon,41067,154,3
Yamhill,Oregon,41071,13,1
Adams,Pennsylvania,42001,8,0
Allegheny,Pennsylvania,42003,265,2
Armstrong,Pennsylvania,42005,3,0
Beaver,Pennsylvania,42007,28,0
Berks,Pennsylvania,42011,68,0
Blair,Pennsylvania,42013,3,0
Bradford,Pennsylvania,42015,3,0
Bucks,Pennsylvania,42017,249,3
Butler,Pennsylvania,42019,47,2
Cambria,Pennsylvania,42021,1,0
Cameron,Pennsylvania,42023,1,0
Carbon,Pennsylvania,42025,9,0
Centre,Pennsylvania,42027,22,0
Chester,Pennsylvania,42029,137,0
Clarion,Pennsylvania,42031,1,0
Clearfield,Pennsylvania,42033,2,0
Columbia,Pennsylvania,42037,6,0
Crawford,Pennsylvania,42039,3,0
Cumberland,Pennsylvania,42041,22,1
Dauphin,Pennsylvania,42043,35,0
Delaware,Pennsylvania,42045,276,4
Erie,Pennsylvania,42049,7,0
Fayette,Pennsylvania,42051,10,0
Franklin,Pennsylvania,42055,11,0
Greene,Pennsylvania,42059,6,0
Huntingdon,Pennsylvania,42061,1,0
Indiana,Pennsylvania,42063,2,0
Juniata,Pennsylvania,42067,1,0
Lackawanna,Pennsylvania,42069,56,2
Lancaster,Pennsylvania,42071,67,2
Lawrence,Pennsylvania,42073,8,1
Lebanon,Pennsylvania,42075,19,0
Lehigh,Pennsylvania,42077,151,3
Luzerne,Pennsylvania,42079,94,2
Lycoming,Pennsylvania,42081,3,0
McKean,Pennsylvania,42083,1,0
Mercer,Pennsylvania,42085,7,0
Mifflin,Pennsylvania,42087,2,0
Monroe,Pennsylvania,42089,135,3
Montgomery,Pennsylvania,42091,488,5
Montour,Pennsylvania,42093,5,0
Northampton,Pennsylvania,42095,126,4
Northumberland,Pennsylvania,42097,1,0
Perry,Pennsylvania,42099,1,0
Philadelphia,Pennsylvania,42101,865,5
Pike,Pennsylvania,42103,33,1
Potter,Pennsylvania,42105,2,0
Schuylkill,Pennsylvania,42107,21,0
Snyder,Pennsylvania,42109,2,0
Somerset,Pennsylvania,42111,2,0
Susquehanna,Pennsylvania,42115,1,0
Tioga,Pennsylvania,42117,1,0
Venango,Pennsylvania,42121,1,0
Warren,Pennsylvania,42123,1,0
Washington,Pennsylvania,42125,24,0
Wayne,Pennsylvania,42127,7,0
Westmoreland,Pennsylvania,42129,47,0
York,Pennsylvania,42133,43,0
Unknown,Puerto Rico,,127,5
Bristol,Rhode Island,44001,11,0
Kent,Rhode Island,44003,28,0
Newport,Rhode Island,44005,17,0
Providence,Rhode Island,44007,148,0
Unknown,Rhode Island,,106,3
Washington,Rhode Island,44009,21,0
Abbeville,South Carolina,45001,4,0
Aiken,South Carolina,45003,9,0
Anderson,South Carolina,45007,29,0
Beaufort,South Carolina,45013,50,0
Berkeley,South Carolina,45015,13,0
Calhoun,South Carolina,45017,2,0
Charleston,South Carolina,45019,116,1
Chester,South Carolina,45023,2,0
Chesterfield,South Carolina,45025,4,0
Clarendon,South Carolina,45027,16,1
Colleton,South Carolina,45029,4,0
Darlington,South Carolina,45031,10,0
Dillon,South Carolina,45033,1,0
Dorchester,South Carolina,45035,10,0
Edgefield,South Carolina,45037,2,0
Fairfield,South Carolina,45039,4,0
Florence,South Carolina,45041,13,3
Georgetown,South Carolina,45043,10,0
Greenville,South Carolina,45045,71,1
Greenwood,South Carolina,45047,3,0
Horry,South Carolina,45051,31,3
Jasper,South Carolina,45053,3,0
Kershaw,South Carolina,45055,83,2
Lancaster,South Carolina,45057,13,0
Laurens,South Carolina,45059,3,0
Lee,South Carolina,45061,5,0
Lexington,South Carolina,45063,35,1
Marion,South Carolina,45067,1,0
Marlboro,South Carolina,45069,2,0
Newberry,South Carolina,45071,2,0
Oconee,South Carolina,45073,4,0
Orangeburg,South Carolina,45075,16,0
Pickens,South Carolina,45077,11,0
Richland,South Carolina,45079,98,2
Saluda,South Carolina,45081,1,0
Spartanburg,South Carolina,45083,25,0
Sumter,South Carolina,45085,30,2
Union,South Carolina,45087,1,0
Williamsburg,South Carolina,45089,2,0
York,South Carolina,45091,36,0
Aurora,South Dakota,46003,1,0
Beadle,South Dakota,46005,20,0
Bon Homme,South Dakota,46009,1,0
Brookings,South Dakota,46011,1,0
Brown,South Dakota,46013,2,0
Charles Mix,South Dakota,46023,1,0
Clark,South Dakota,46025,1,0
Clay,South Dakota,46027,2,0
Codington,South Dakota,46029,4,0
Davison,South Dakota,46035,2,1
Deuel,South Dakota,46039,1,0
Fall River,South Dakota,46047,1,0
Faulk,South Dakota,46049,1,0
Hamlin,South Dakota,46057,1,0
Hughes,South Dakota,46065,1,0
Hutchinson,South Dakota,46067,2,0
Lawrence,South Dakota,46081,3,0
Lincoln,South Dakota,46083,4,0
Lyman,South Dakota,46085,1,0
McCook,South Dakota,46087,2,0
Meade,South Dakota,46093,1,0
Minnehaha,South Dakota,46099,25,0
Pennington,South Dakota,46103,4,0
Roberts,South Dakota,46109,1,0
Todd,South Dakota,46121,1,0
Turner,South Dakota,46125,1,0
Union,South Dakota,46127,1,0
Yankton,South Dakota,46135,4,0
Anderson,Tennessee,47001,6,0
Bedford,Tennessee,47003,1,0
Benton,Tennessee,47005,3,0
Bledsoe,Tennessee,47007,2,0
Blount,Tennessee,47009,9,0
Bradley,Tennessee,47011,8,0
Campbell,Tennessee,47013,4,0
Cannon,Tennessee,47015,2,0
Carroll,Tennessee,47017,5,0
Carter,Tennessee,47019,1,0
Cheatham,Tennessee,47021,8,0
Chester,Tennessee,47023,2,0
Claiborne,Tennessee,47025,2,0
Cocke,Tennessee,47029,1,0
Coffee,Tennessee,47031,1,0
Cumberland,Tennessee,47035,9,0
Davidson,Tennessee,47037,394,2
DeKalb,Tennessee,47041,3,0
Decatur,Tennessee,47039,1,0
Dickson,Tennessee,47043,11,0
Dyer,Tennessee,47045,3,0
Fayette,Tennessee,47047,10,0
Franklin,Tennessee,47051,6,0
Gibson,Tennessee,47053,3,0
Greene,Tennessee,47059,9,0
Grundy,Tennessee,47061,2,0
Hamblen,Tennessee,47063,2,0
Hamilton,Tennessee,47065,35,0
Hardeman,Tennessee,47069,1,0
Hardin,Tennessee,47071,1,0
Hawkins,Tennessee,47073,2,0
Haywood,Tennessee,47075,2,0
Henry,Tennessee,47079,1,0
Houston,Tennessee,47083,2,0
Jefferson,Tennessee,47089,5,0
Johnson,Tennessee,47091,2,0
Knox,Tennessee,47093,38,0
Lewis,Tennessee,47101,2,0
Lincoln,Tennessee,47103,1,0
Loudon,Tennessee,47105,8,0
Macon,Tennessee,47111,3,0
Madison,Tennessee,47113,3,0
Marion,Tennessee,47115,5,0
Maury,Tennessee,47119,8,0
McMinn,Tennessee,47107,3,0
McNairy,Tennessee,47109,1,0
Meigs,Tennessee,47121,1,0
Monroe,Tennessee,47123,3,0
Montgomery,Tennessee,47125,13,0
Morgan,Tennessee,47129,1,0
Obion,Tennessee,47131,1,0
Overton,Tennessee,47133,2,0
Perry,Tennessee,47135,2,0
Putnam,Tennessee,47141,17,0
Roane,Tennessee,47145,2,0
Robertson,Tennessee,47147,25,0
Rutherford,Tennessee,47149,48,0
Scott,Tennessee,47151,2,0
Sevier,Tennessee,47155,6,0
Shelby,Tennessee,47157,362,1
Smith,Tennessee,47159,1,0
Sullivan,Tennessee,47163,8,0
Sumner,Tennessee,47165,93,0
Tipton,Tennessee,47167,15,0
Trousdale,Tennessee,47169,1,0
Unicoi,Tennessee,47171,1,0
Union,Tennessee,47173,1,0
Unknown,Tennessee,,190,4
Washington,Tennessee,47179,14,0
Weakley,Tennessee,47183,1,0
White,Tennessee,47185,1,0
Williamson,Tennessee,47187,101,0
Wilson,Tennessee,47189,27,0
Andrews,Texas,48003,1,0
Angelina,Texas,48005,3,0
Atascosa,Texas,48013,2,0
Austin,Texas,48015,2,0
Bastrop,Texas,48021,5,0
Bell,Texas,48027,28,1
Bexar,Texas,48029,140,5
Blanco,Texas,48031,1,0
Bowie,Texas,48037,3,0
Brazoria,Texas,48039,61,0
Brazos,Texas,48041,44,2
Brown,Texas,48049,3,0
Burleson,Texas,48051,1,0
Burnet,Texas,48053,1,0
Caldwell,Texas,48055,1,0
Calhoun,Texas,48057,3,0
Cameron,Texas,48061,20,0
Cass,Texas,48067,2,0
Castro,Texas,48069,8,0
Chambers,Texas,48071,3,0
Cherokee,Texas,48073,2,0
Collin,Texas,48085,128,1
Comal,Texas,48091,9,1
Cooke,Texas,48097,1,0
Coryell,Texas,48099,1,0
Crane,Texas,48103,1,0
Dallas,Texas,48113,443,9
Dawson,Texas,48115,1,0
DeWitt,Texas,48123,3,0
Deaf Smith,Texas,48117,2,0
Denton,Texas,48121,165,2
Eastland,Texas,48133,3,0
Ector,Texas,48135,3,0
El Paso,Texas,48141,40,0
Ellis,Texas,48139,15,0
Erath,Texas,48143,1,0
Falls,Texas,48145,1,0
Fannin,Texas,48147,1,0
Fayette,Texas,48149,1,0
Fort Bend,Texas,48157,119,1
Franklin,Texas,48159,1,0
Gaines,Texas,48165,1,0
Galveston,Texas,48167,70,0
Grayson,Texas,48181,3,0
Gregg,Texas,48183,4,0
Grimes,Texas,48185,2,0
Guadalupe,Texas,48187,10,0
Hale,Texas,48189,1,0
Hardin,Texas,48199,9,1
Harris,Texas,48201,526,4
Harrison,Texas,48203,1,0
Hays,Texas,48209,13,0
Henderson,Texas,48213,1,0
Hidalgo,Texas,48215,27,0
Hockley,Texas,48219,7,0
Hood,Texas,48221,2,0
Hopkins,Texas,48223,1,0
Hunt,Texas,48231,1,0
Jackson,Texas,48239,1,0
Jefferson,Texas,48245,16,0
Johnson,Texas,48251,8,1
Karnes,Texas,48255,2,0
Kaufman,Texas,48257,2,0
Kendall,Texas,48259,7,0
Kleberg,Texas,48273,1,0
Lamar,Texas,48277,3,0
Lamb,Texas,48279,1,0
Lavaca,Texas,48285,1,0
Liberty,Texas,48291,2,0
Limestone,Texas,48293,1,0
Llano,Texas,48299,2,0
Lubbock,Texas,48303,41,0
Lynn,Texas,48305,1,0
Martin,Texas,48317,1,0
Matagorda,Texas,48321,12,1
Maverick,Texas,48323,1,0
McLennan,Texas,48309,36,0
Medina,Texas,48325,3,0
Midland,Texas,48329,11,1
Milam,Texas,48331,2,0
Montague,Texas,48337,1,0
Montgomery,Texas,48339,64,0
Morris,Texas,48343,1,0
Nacogdoches,Texas,48347,2,0
Navarro,Texas,48349,1,0
Nueces,Texas,48355,21,0
Oldham,Texas,48359,2,1
Orange,Texas,48361,1,0
Parker,Texas,48367,4,0
Polk,Texas,48373,1,0
Potter,Texas,48375,4,0
Randall,Texas,48381,3,0
Robertson,Texas,48395,2,0
Rockwall,Texas,48397,4,0
Rusk,Texas,48401,3,0
San Jacinto,Texas,48407,1,0
San Patricio,Texas,48409,1,0
Shelby,Texas,48419,1,0
Smith,Texas,48423,31,1
Starr,Texas,48427,2,0
Swisher,Texas,48437,1,0
Tarrant,Texas,48439,139,1
Taylor,Texas,48441,7,0
Terry,Texas,48445,3,0
Tom Green,Texas,48451,3,0
Travis,Texas,48453,179,1
Upshur,Texas,48459,1,0
Uvalde,Texas,48463,2,0
Val Verde,Texas,48465,5,0
Van Zandt,Texas,48467,1,1
Victoria,Texas,48469,3,0
Walker,Texas,48471,3,0
Waller,Texas,48473,3,0
Washington,Texas,48477,5,0
Webb,Texas,48479,30,0
Wharton,Texas,48481,6,0
Wichita,Texas,48485,28,0
Willacy,Texas,48489,2,0
Williamson,Texas,48491,37,1
Wilson,Texas,48493,2,0
Yoakum,Texas,48501,1,0
Young,Texas,48503,1,0
Box Elder,Utah,49003,4,0
Cache,Utah,49005,5,0
Davis,Utah,49011,69,1
Garfield,Utah,49017,1,0
Iron,Utah,49021,4,0
Morgan,Utah,49029,2,0
Salt Lake,Utah,49035,324,0
San Juan,Utah,49037,4,0
Summit,Utah,49043,159,0
Tooele,Utah,49045,9,0
Uintah,Utah,49047,1,0
Unknown,Utah,,1,1
Utah,Utah,49049,51,0
Wasatch,Utah,49051,40,0
Washington,Utah,49053,8,0
Weber,Utah,49057,37,0
Addison,Vermont,50001,17,0
Bennington,Vermont,50003,16,0
Caledonia,Vermont,50005,2,0
Chittenden,Vermont,50007,117,6
Franklin,Vermont,50011,9,0
Lamoille,Vermont,50015,12,0
Orange,Vermont,50017,3,0
Orleans,Vermont,50019,5,0
Rutland,Vermont,50021,6,0
Unknown,Vermont,,23,5
Washington,Vermont,50023,12,0
Windham,Vermont,50025,11,0
Windsor,Vermont,50027,18,1
Unknown,Virgin Islands,,23,0
Accomack,Virginia,51001,3,0
Albemarle,Virginia,51003,17,0
Alexandria city,Virginia,51510,25,0
Alleghany,Virginia,51005,1,0
Amelia,Virginia,51007,1,0
Amherst,Virginia,51009,2,0
Arlington,Virginia,51013,84,2
Bedford,Virginia,51019,2,0
Botetourt,Virginia,51023,2,0
Bristol city,Virginia,51520,1,0
Charles City,Virginia,51036,1,0
Charlottesville city,Virginia,51540,12,0
Chesapeake city,Virginia,51550,15,0
Chesterfield,Virginia,51041,13,0
Culpeper,Virginia,51047,2,0
Danville city,Virginia,51590,4,0
Fairfax,Virginia,51059,187,1
Fairfax city,Virginia,51600,1,0
Fauquier,Virginia,51061,6,0
Fluvanna,Virginia,51065,3,0
Franklin,Virginia,51067,5,0
Frederick,Virginia,51069,8,0
Fredericksburg city,Virginia,51630,1,0
Galax city,Virginia,51640,1,0
Gloucester,Virginia,51073,6,0
Goochland,Virginia,51075,6,0
Greene,Virginia,51079,1,0
Greensville,Virginia,51081,1,0
Halifax,Virginia,51083,1,0
Hampton city,Virginia,51650,7,0
Hanover,Virginia,51085,4,0
Harrisonburg city,Virginia,51660,5,0
Henrico,Virginia,51087,40,3
Hopewell city,Virginia,51670,1,0
Isle of Wight,Virginia,51093,3,0
James City,Virginia,51095,70,3
King George,Virginia,51099,2,0
Lancaster,Virginia,51103,1,0
Lee,Virginia,51105,2,0
Loudoun,Virginia,51107,61,0
Louisa,Virginia,51109,7,0
Lynchburg city,Virginia,51680,3,0
Madison,Virginia,51113,3,0
Manassas Park city,Virginia,51685,1,0
Manassas city,Virginia,51683,5,0
Mathews,Virginia,51115,2,0
Mecklenburg,Virginia,51117,4,0
Montgomery,Virginia,51121,1,0
Nelson,Virginia,51125,2,0
New Kent,Virginia,51127,1,0
Newport News city,Virginia,51700,17,1
Norfolk city,Virginia,51710,14,0
Northampton,Virginia,51131,1,0
Northumberland,Virginia,51133,2,0
Nottoway,Virginia,51135,1,0
Orange,Virginia,51137,1,0
Pittsylvania,Virginia,51143,1,0
Poquoson city,Virginia,51735,2,0
Portsmouth city,Virginia,51740,4,0
Powhatan,Virginia,51145,1,0
Prince Edward,Virginia,51147,2,0
Prince George,Virginia,51149,4,0
Prince William,Virginia,51153,72,0
Radford city,Virginia,51750,1,0
Richmond city,Virginia,51760,25,0
Roanoke,Virginia,51161,2,0
Roanoke city,Virginia,51770,1,0
Rockbridge,Virginia,51163,2,0
Rockingham,Virginia,51165,4,0
Shenandoah,Virginia,51171,4,0
Southampton,Virginia,51175,1,0
Spotsylvania,Virginia,51177,5,0
Stafford,Virginia,51179,13,0
Suffolk city,Virginia,51800,1,0
Tazewell,Virginia,51185,1,0
Virginia Beach city,Virginia,51810,49,0
Warren,Virginia,51187,2,0
Washington,Virginia,51191,2,0
Williamsburg city,Virginia,51830,7,1
Winchester city,Virginia,51840,1,0
Wythe,Virginia,51197,1,0
York,Virginia,51199,9,0
Adams,Washington,53001,7,0
Benton,Washington,53005,101,5
Chelan,Washington,53007,15,2
Clallam,Washington,53009,6,0
Clark,Washington,53011,90,6
Columbia,Washington,53013,1,0
Cowlitz,Washington,53015,13,0
Douglas,Washington,53017,5,0
Ferry,Washington,53019,1,0
Franklin,Washington,53021,32,0
Grant,Washington,53025,58,1
Grays Harbor,Washington,53027,1,0
Island,Washington,53029,95,1
Jefferson,Washington,53031,14,0
King,Washington,53033,2163,146
Kitsap,Washington,53035,56,1
Kittitas,Washington,53037,8,0
Klickitat,Washington,53039,7,1
Lewis,Washington,53041,10,0
Lincoln,Washington,53043,1,0
Mason,Washington,53045,2,0
Okanogan,Washington,53047,3,0
Pierce,Washington,53053,317,6
San Juan,Washington,53055,4,0
Skagit,Washington,53057,101,3
Skamania,Washington,53059,1,0
Snohomish,Washington,53061,1067,23
Spokane,Washington,53063,140,4
Stevens,Washington,53065,3,0
Thurston,Washington,53067,36,0
Walla Walla,Washington,53071,7,0
Whatcom,Washington,53073,116,7
Whitman,Washington,53075,6,0
Yakima,Washington,53077,147,3
Berkeley,West Virginia,54003,10,0
Cabell,West Virginia,54011,1,0
Greenbrier,West Virginia,54025,2,0
Hancock,West Virginia,54029,3,0
Harrison,West Virginia,54033,7,0
Jackson,West Virginia,54035,8,0
Jefferson,West Virginia,54037,5,0
Kanawha,West Virginia,54039,19,0
Logan,West Virginia,54045,1,0
Marion,West Virginia,54049,5,1
Marshall,West Virginia,54051,4,0
Mason,West Virginia,54053,3,0
Mercer,West Virginia,54055,2,0
Monongalia,West Virginia,54061,30,0
Morgan,West Virginia,54065,1,0
Ohio,West Virginia,54069,7,0
Pleasants,West Virginia,54073,1,0
Preston,West Virginia,54077,1,0
Putnam,West Virginia,54079,3,0
Raleigh,West Virginia,54081,4,0
Tucker,West Virginia,54093,2,0
Upshur,West Virginia,54097,1,0
Wetzel,West Virginia,54103,1,0
Wirt,West Virginia,54105,1,0
Wood,West Virginia,54107,2,0
Bayfield,Wisconsin,55007,2,0
Brown,Wisconsin,55009,6,0
Calumet,Wisconsin,55015,1,0
Chippewa,Wisconsin,55017,4,0
Clark,Wisconsin,55019,3,0
Columbia,Wisconsin,55021,9,0
Dane,Wisconsin,55025,179,1
Dodge,Wisconsin,55027,8,0
Douglas,Wisconsin,55031,6,0
Dunn,Wisconsin,55033,3,0
Eau Claire,Wisconsin,55035,10,0
Fond du Lac,Wisconsin,55039,20,1
Grant,Wisconsin,55043,1,0
Green,Wisconsin,55045,4,0
Iowa,Wisconsin,55049,3,0
Iron,Wisconsin,55051,1,1
Jefferson,Wisconsin,55055,8,0
Juneau,Wisconsin,55057,3,0
Kenosha,Wisconsin,55059,30,0
La Crosse,Wisconsin,55063,15,0
Marathon,Wisconsin,55073,1,0
Marinette,Wisconsin,55075,1,0
Milwaukee,Wisconsin,55079,565,9
Monroe,Wisconsin,55081,1,0
Oneida,Wisconsin,55085,1,0
Outagamie,Wisconsin,55087,6,0
Ozaukee,Wisconsin,55089,34,3
Pierce,Wisconsin,55093,4,0
Portage,Wisconsin,55097,1,0
Racine,Wisconsin,55101,17,0
Richland,Wisconsin,55103,2,0
Rock,Wisconsin,55105,14,0
Sauk,Wisconsin,55111,12,1
Sheboygan,Wisconsin,55117,8,0
St. Croix,Wisconsin,55109,4,0
Vilas,Wisconsin,55125,2,0
Walworth,Wisconsin,55127,6,0
Washington,Wisconsin,55131,31,0
Waukesha,Wisconsin,55133,83,0
Waupaca,Wisconsin,55135,1,1
Winnebago,Wisconsin,55139,8,0
Wood,Wisconsin,55141,2,0
Albany,Wyoming,56001,1,0
Campbell,Wyoming,56005,1,0
Carbon,Wyoming,56007,3,0
Converse,Wyoming,56009,1,0
Fremont,Wyoming,56013,23,0
Goshen,Wyoming,56015,1,0
Hot Springs,Wyoming,56017,1,0
Johnson,Wyoming,56019,5,0
Laramie,Wyoming,56021,19,0
Natrona,Wyoming,56025,9,0
Park,Wyoming,56029,1,0
Sheridan,Wyoming,56033,6,0
Sublette,Wyoming,56035,1,0
Sweetwater,Wyoming,56037,1,0
Teton,Wyoming,56039,14,0
Washakie,Wyoming,56043,1,0
